Column1,Column2,Column3,Column4,Column5,Column6,Column7,Column8,Column9,Column10,Column11,Column12,Column13,Column14,Column15
USC00502107,71,1948,-99.99,-99.99,-99.99,-99.99,-99.99,0.47,1.16,1.16,-1.04,-1.03,-0.33,0.6
USC00502107,71,1949,-99.99,-99.99,-99.99,-99.99,-99.99,-99.99,-99.99,-99.99,-1.67,-0.81,-0.98,0.39
USC00502107,71,1950,2.26,0.25,0.76,-1.05,-0.51,-1.28,-1.06,-0.5,-1.57,0.06,0.78,0.37
USC00502107,71,1951,0.5,1.08,0.54,-1.55,0.2,-0.72,0.21,0.58,-0.5,-0.7,0.33,0.98
USC00502107,71,1952,0.74,-0.44,-0.02,-0.51,-0.39,-0.16,0.03,-1.08,0.75,-0.29,-1.45,-3.72
USC00502107,71,1953,-1.56,-1.08,0.34,-1.55,0.77,0.55,-0.39,0.61,0.47,-1.79,-3.72,-0.49
USC00502107,71,1954,0.55,-0.44,0.8,-1.55,-0.88,-0.07,0.91,-1.42,0.59,-1.9,-0.7,0.37
USC00502107,71,1955,0.46,1.2,0.88,0.28,1.64,1.77,0.77,0.07,0.28,0.1,-0.42,1.3
USC00502107,71,1956,0.43,1.3,-0.02,0,0.46,0.05,-0.42,0.38,0.56,0.46,0.8,-0.38
USC00502107,71,1957,1.65,0.25,-1.88,-0.78,-0.45,-1.9,-1.76,-1.19,-1.21,0.57,-0.5,-0.43
USC00502107,71,1958,-0.07,-1.08,0.34,-0.05,0.75,-1.02,-0.14,-0.69,-0.43,0.35,0.46,-0.49
USC00502107,71,1959,-1.04,1.36,-0.06,0.08,1.55,-0.21,1.42,0.14,-0.01,0.02,0.02,0.03
USC00502107,71,1960,0.91,-0.08,-0.77,0.76,-0.8,-0.62,-0.12,0.6,1.82,0.14,-0.31,-0.41
USC00502107,71,1961,-0.79,-0.6,-0.34,0.85,-0.42,-1.06,0.4,1.66,1.04,0.8,-0.4,0.32
USC00502107,71,1962,0.57,1.42,0.76,0.55,0.4,0.66,1.43,2.07,1.09,-1.13,-0.86,-0.21
USC00502107,71,1963,1.74,-0.17,1.98,0.61,-0.62,1.31,-0.21,1.46,-1.38,1.43,-1.06,-0.46
USC00502107,71,1964,-0.24,0.27,-0.06,1.11,0.94,-0.62,-0.33,0.59,-99.99,0.04,0.56,0.72
USC00502107,71,1965,-0.79,0.16,0.41,0.72,-1.33,0.4,-0.76,-0.2,0.78,-0.36,1.12,1.15
USC00502107,71,1966,-3.72,1.84,0.43,0.74,1.2,-0.48,-99.99,-1.85,-1.45,-0.78,1.78,-0.83
USC00502107,71,1967,0.01,-0.05,2.49,1.92,-0.25,-0.67,1.36,3.15,-1.39,-1.1,0.62,1.05
USC00502107,71,1968,1.44,-0.52,-1.88,0.31,0.16,-0.07,-1.19,0.12,-1.76,-0.9,-0.05,1.06
USC00502107,71,1969,0.63,-0.79,1.16,-1.55,0.55,-1.77,-0.11,0.38,-1.34,-1.28,-0.03,-1.73
USC00502107,71,1970,-1.04,-0.02,0.1,1.09,-0.42,1.2,-0.96,-0.01,-0.54,1.95,2.72,1.84
USC00502107,71,1971,-0.59,0.73,0.39,0.08,-1.88,-2.34,0.25,0.26,0.96,1.69,0.26,1.53
USC00502107,71,1972,0.91,-0.6,0.41,0.37,-1.06,-0.44,-0.81,-0.85,1.12,0.02,-0.16,0.83
USC00502107,71,1973,0.08,-1.08,0.86,-0.62,0.67,-1.54,0.43,0.65,-1.63,0.37,0.77,-1.09
USC00502107,71,1974,-1.04,0.32,0.54,0.31,-1.11,-0.21,-0.85,-0.53,-0.93,1.11,0.58,0.26
USC00502107,71,1975,0.74,-1.88,0.02,0.5,-0.28,-0.64,-0.55,0.14,-0.85,0.28,-0.2,-0.87
USC00502107,71,1976,-0.4,-1.88,0.66,-1.05,1.14,-0.36,-0.9,-1.59,0.06,0.24,-1.38,-3.72
USC00502107,71,1977,-0.33,1.29,0.41,0.61,1.58,1.68,-1.31,-1.83,1.5,0.76,-0.76,0.33
USC00502107,71,1978,-0.15,-0.52,-1.88,-0.27,-0.12,0.05,-0.41,-0.86,-0.17,-0.9,0.54,0.84
USC00502107,71,1979,-0.09,-0.84,0.71,1,-0.84,0.19,0.06,-0.5,-1.67,-0.24,0.26,-0.11
USC00502107,71,1980,0.13,-0.56,-1.88,-0.42,-0.62,0.21,0.55,-0.44,-0.58,-1.1,0.09,-0.92
USC00502107,71,1981,-0.44,0.88,-1.88,0.48,-0.62,0.95,0.95,-0.16,-0.6,0.18,0.53,-0.38
USC00502107,71,1982,-0.51,-0.2,0.31,1.36,0.64,0.65,1.26,-0.21,-0.53,1.96,1,-0.46
USC00502107,71,1983,-1.11,-0.84,-1.88,0.31,-1.61,-0.88,-1.37,1.55,-0.34,1.7,-2.35,-0.34
USC00502107,71,1984,0.3,0.38,-1.88,1.02,0.77,-1.3,0.21,-0.63,-1.36,-0.11,-0.73,2.18
USC00502107,71,1985,0.19,0.53,0.78,0.45,-0.33,0.27,-0.93,-0.07,1.58,0.1,0.51,-3.72
USC00502107,71,1986,-3.72,-0.74,0.28,-0.78,0.03,-1.01,0.59,0.83,-0.58,1.76,-0.2,-0.58
USC00502107,71,1987,0.17,-1.62,-1.88,-1.55,-1.16,0.38,0.24,-0.76,-1.06,-1.43,0.17,-99.99
USC00502107,71,1988,-0.73,-0.52,-0.27,-1.55,2.43,0.78,-0.59,-0.52,-0.18,0.58,0.57,-99.99
USC00502107,71,1989,0.39,1.29,-0.21,-1.05,0.74,1.24,-1.07,-0.97,-0.65,1.13,0.82,-0.04
USC00502107,71,1990,0.48,1.28,-0.27,-1.05,-0.42,0.41,1.66,0.89,1.16,-0.75,1.53,2.31
USC00502107,71,1991,1.37,-0.84,2.73,-99.99,-0.97,-0.71,-1.22,0.05,0.28,0.92,-0.05,0.8
USC00502107,71,1992,1.06,0.83,-0.5,1.18,1.88,1.2,-0.13,-1.47,0.5,0.67,0.78,1.03
USC00502107,71,1993,2.84,0.36,0.19,-1.55,0.37,-0.91,-2.35,-0.3,1.95,0,0.68,0.01
USC00502107,71,1994,0.06,-0.33,0.31,0,-0.84,1.43,-0.81,-0.3,-0.68,0.37,1.7,0.03
USC00502107,71,1995,-0.3,-0.17,-0.11,0.4,0.57,0.43,-0.81,0.5,0.6,-0.9,-1.02,-1.73
USC00502107,71,1996,-0.24,2.25,0.86,-0.51,-1.16,0.35,-0.17,1.13,0,1.17,0.44,0.17
USC00502107,71,1997,-0.15,0.25,-1.05,-1.55,-0.97,-0.38,0.03,0.54,-0.34,1.28,-0.24,0.29
USC00502107,71,1998,-1.04,-0.37,-1.88,-0.15,0.52,-0.12,1.2,0.84,0.18,-0.46,-0.55,0.22
USC00502107,71,1999,-0.04,-0.08,0.41,-0.51,0.07,0.67,-0.01,-0.02,0.99,0.3,0.22,0.38
USC00502107,71,2000,1.81,-1.75,-0.16,-1.55,1.22,-0.72,-0.36,0.92,0.4,0.2,-0.31,-0.71
USC00502107,71,2001,-0.12,0.88,0.68,0.22,0.12,-0.56,0.64,0.17,-1.39,-0.26,-1.32,-0.64
USC00502107,71,2002,0.43,-0.48,-0.5,3.01,0.22,-0.23,0.83,1.34,0.15,1.2,-1.95,0.12
USC00502107,71,2003,-0.09,1.34,-1.88,-1.55,-0.3,-0.88,2.01,-0.18,0.58,-1.06,1.5,-99.99
USC00502107,71,2004,-99.99,0.11,0.1,-1.05,1.79,-1.06,-0.74,-3.07,0.07,1.08,0.04,-99.99
USC00502107,71,2005,1.32,-0.6,0.48,0.34,0.74,0.5,0.33,-2.45,1,-0.75,0.29,-0.71
USC00502107,71,2006,-0.64,1.05,0.43,0.92,-0.48,-0.44,-99.99,-99.99,-99.99,-0.9,-1.61,0.12
USC00502107,71,2007,0.31,-1.02,0.02,-0.05,0.8,1.38,1.05,-0.69,0.32,-0.53,-1.11,-99.99
USC00502107,71,2008,0.95,-0.37,-1.05,1.67,-0.02,-99.99,0.9,0.09,-0.83,-0.17,-0.5,0.11
USC00502107,71,2009,0.21,0.6,1.57,0.04,-1.46,0.91,-2.91,0.71,-0.42,-0.41,-0.42,-0.38
USC00502107,71,2010,-3.72,-0.84,-0.77,0.04,0.2,0.57,0.93,-0.01,-0.4,-0.75,1.43,-0.87
USC00502107,71,2011,-0.84,1.5,-0.41,0.04,-1.88,1.03,0.09,0.16,-0.28,-1.1,0.14,0.52
USC00502107,71,2012,0.48,-0.02,1.1,-0.62,0.83,1.49,-0.09,-0.38,-0.5,1.1,-1.16,0.89
USC00502107,71,2013,0.61,0.38,0.23,1.09,-0.62,-1.56,-0.85,-99.99,0.76,-0.56,1.42,0.47
USC00502107,71,2014,-0.44,-0.02,-0.11,0.28,-1.61,2.15,2.08,0.33,1.31,-0.64,-1.11,0.55
USC00502107,71,2015,-0.79,-0.05,1.07,0.08,-0.14,-0.78,0.51,1.03,2.24,0.35,1.39,-3.72
USC00502107,71,2016,-3.72,-1.75,0.68,1.34,0.29,1.55,1.88,0.32,0.82,-2.65,-0.55,1.37
USC00502107,71,2017,1.22,1.62,-0.41,-0.1,0.9,0.45,0.52,0.35,0.68,2.53,1.04,-0.15
USC00502107,71,2018,1.01,1.97,0.64,0.19,1.57,-0.97,-0.67,2.19,0.87,-99.99,-99.99,-99.99
USC00502607,71,1949,0.66,0.31,-0.16,-0.13,1.12,0.22,-0.06,-0.33,-99.99,0.04,-2.06,1.57
USC00502607,71,1950,1.94,-1.56,1.05,0.79,-99.99,-99.99,-99.99,-1.34,0.52,-1.5,0.35,1.47
USC00502607,71,1951,-1.35,-0.2,0.72,-1.02,-1.44,1.02,0.22,1.36,0.38,0.62,-0.5,0.33
USC00502607,71,1952,0.14,0.86,1.27,0.93,0.3,-0.84,0.12,0.13,1.62,-0.48,-0.78,-0.26
USC00502607,71,1953,-1.54,-1.13,-0.07,0.9,-0.56,-0.38,-0.72,0.68,-0.26,-0.76,-2.14,-1.16
USC00502607,71,1954,0.73,-0.76,-0.37,-0.45,0.78,-0.21,1.27,-0.16,-0.37,-0.84,0.48,-0.32
USC00502607,71,1955,0.66,0.75,0.32,1.08,-0.31,0.63,-0.65,0,0.03,-0.27,-0.32,1.41
USC00502607,71,1956,0.61,0.79,-1.85,-0.54,-1.05,-0.92,-1.18,0.49,0.49,0.87,1.73,-2.04
USC00502607,71,1957,0.31,1.21,-1.6,-99.99,0.08,-1.15,-0.72,1.01,1.33,-1.17,0.57,-1.07
USC00502607,71,1958,-0.3,-0.92,-0.62,-0.29,0.39,0,0.58,-0.87,-1.41,1.77,-0.21,0.62
USC00502607,71,1959,-1.82,-1.21,0.55,-0.5,1.03,-0.38,0.37,-1.57,0.49,-0.21,0.26,0.36
USC00502607,71,1960,1.22,-0.56,-0.03,-0.45,0.54,-99.99,1.32,-0.38,-0.11,-0.19,-0.1,0.26
USC00502607,71,1961,-0.89,1.11,1.02,0.12,-0.85,0.7,-0.01,0.96,2.7,0.54,-0.94,0.18
USC00502607,71,1962,0.31,-0.31,0.48,0.74,-99.99,-99.99,-99.99,0.79,-0.2,-0.09,-1.27,0.2
USC00502607,71,1963,2.38,0.68,0.1,1.1,-1.86,-99.99,-99.99,-99.99,-1.14,1.13,-1.5,-0.99
USC00502607,71,1964,-0.52,0.46,-0.55,-0.13,-0.94,0.09,-0.59,-1.67,-1.14,-0.78,-0.94,-0.23
USC00502607,71,1965,-1.13,-1.33,-0.43,-0.13,0.14,1.08,0.51,1.55,0.87,0.1,-99.99,-99.99
USC00502607,71,1966,-99.99,-99.99,-99.99,-99.99,-99.99,-99.99,-99.99,-99.99,-99.99,-99.99,-99.99,-99.99
USC00502607,71,1967,-99.99,-99.99,-99.99,-99.99,-99.99,-99.99,-99.99,-99.99,-99.99,0.22,0.39,0.62
USC00502607,71,1968,1.42,-99.99,-1.15,-1.06,-0.29,1.6,-0.89,1.69,-1.47,1.03,2.35,-0.42
USC00502607,71,1969,-0.98,-1.56,0.63,1.33,-1.64,-1.65,-0.54,-1.54,-0.61,-1.77,1.3,-0.99
USC00502607,71,1970,-0.3,-0.43,-0.37,0.71,0.11,0.2,0.2,-99.99,-99.99,-99.99,-99.99,-99.99
USC00502607,71,1971,-99.99,-99.99,-99.99,-99.99,-99.99,-99.99,-99.99,-99.99,-99.99,-99.99,-99.99,-99.99
USC00502607,71,1972,-99.99,-99.99,-99.99,-99.99,-99.99,-99.99,-99.99,-99.99,-99.99,-99.99,-0.53,-1.16
USC00502607,71,1973,-0.1,-1.67,-99.99,0.6,-1.21,-0.97,-0.21,0.41,-1.3,-99.99,-0.63,-0.35
USC00502607,71,1974,-0.68,0.6,-0.77,0.45,-1.64,0.06,-0.42,-0.46,-0.28,-99.99,0.68,2.57
USC00502607,71,1975,-0.27,-0.8,-0.37,-99.99,0.81,0.02,-0.19,-0.47,-0.42,0.7,-0.67,-0.82
USC00502607,71,1976,0.46,-0.6,-0.62,-0.59,1.34,-1.15,-0.28,-0.55,-1.79,-0.31,-0.53,-1.12
USC00502607,71,1977,-0.23,1.52,0.6,1.57,1.47,0.91,-1.18,-0.58,1.07,0.8,-0.23,-0.16
USC00502607,71,1978,-1.54,0.04,-0.12,-0.94,-0.68,1.85,-1.78,-0.77,-0.13,1.86,0.93,0.93
USC00502607,71,1979,-0.94,-1.52,2.59,-0.72,-0.92,0.04,-0.62,-0.17,0.77,-1.57,0.46,1.19
USC00502607,71,1980,-0.1,0.6,-0.55,0.79,0.84,0.1,0.57,1.55,0.23,-0.95,0.48,-0.63
USC00502607,71,1981,-1.19,-0.2,-0.77,-0.59,0.49,0.62,1.73,0.21,1.03,0.64,0.9,-0.86
USC00502607,71,1982,-0.94,0.31,-1.6,-0.02,0.71,-99.99,0.46,-1.33,1.01,-1.52,1.22,-0.7
USC00502607,71,1983,0.59,-0.08,0.51,-0.09,-0.75,-0.26,1.05,-0.67,0.43,0.46,-2.14,-3.11
USC00502607,71,1984,-0.6,1.52,0.88,0.29,1.19,-1.07,1.19,-0.09,-2.35,-0.4,-0.13,0.99
USC00502607,71,1985,1.26,0.79,0.28,0.51,-0.62,1.08,-0.19,-99.99,-99.99,-0.65,-0.82,-1.97
USC00502607,71,1986,1.42,1.32,0.35,-0.13,-1.16,-0.61,-0.13,-0.11,-0.81,0.24,-0.13,0.55
USC00502607,71,1987,-0.68,-0.84,-1.85,-0.06,0.2,1.11,0.79,-0.84,0.59,0.74,1.36,0.38
USC00502607,71,1988,-0.17,0.08,0.75,0.54,1.19,-0.84,-0.76,0.85,-0.83,-0.13,1.66,-0.16
USC00502607,71,1989,0.14,0.31,-0.85,-1.09,0.63,1.53,0.24,-1.14,-0.91,0.48,0.11,1.57
USC00502607,71,1990,-0.27,0.89,1.14,-1.09,0.41,-0.75,-0.79,0.36,0.93,0.62,0,1.38
USC00502607,71,1991,0.36,-0.76,0.28,-1.09,-1.16,-0.47,-1.39,0.42,-0.37,-0.71,0.13,-0.78
USC00502607,71,1992,1.18,0.82,0.01,1.77,1.19,-0.43,-0.57,-0.09,-0.43,-1.57,0.44,0.31
USC00502607,71,1993,0.89,1.59,-0.62,-1.09,-0.89,-0.78,-0.27,-0.07,0.63,-0.25,0.2,-0.19
USC00502607,71,1994,-0.72,-1,1.98,0.45,2.35,0.08,-1.56,-1.49,-0.05,0.93,0.33,0.87
USC00502607,71,1995,-0.64,-0.24,0.58,-0.21,0.3,1.03,0.85,-0.47,-0.16,0.02,-1.57,-0.35
USC00502607,71,1996,-0.8,2.82,-0.32,-1.09,-0.64,-0.41,-0.91,0.01,0.44,-0.04,0.7,0.12
USC00502607,71,1997,-0.07,-1.17,-0.62,0.29,1.04,1.47,0.6,0.58,-0.91,0.93,-0.03,1.49
USC00502607,71,1998,-2.17,0.27,-0.62,-1.09,1.97,1.63,-0.66,0.6,-0.45,-0.99,-1.38,0.12
USC00502607,71,1999,-0.72,0.53,-0.62,1.79,0.31,-1.95,0.03,0.17,0.76,0.24,0.96,1.34
USC00502607,71,2000,-0.23,-1.21,0.17,-1.09,0.33,0.73,1.17,0.05,0.84,0.1,-0.9,0.69
USC00502607,71,2001,1.04,0.42,1.12,-0.29,0.93,-0.84,1.65,-2.03,-0.83,1.01,-0.32,-1.07
USC00502607,71,2002,0.56,-1.33,-0.43,0.85,-0.1,0.61,-0.66,1.12,-0.08,1.45,0.24,0.62
USC00502607,71,2003,0.51,-0.16,1.71,-0.17,-0.31,0.29,0.59,-0.46,1.43,-0.78,0.37,1.52
USC00502607,71,2004,0.51,1.38,1.45,-0.94,1.04,-1.86,0.3,-1.92,-0.65,2.26,-0.5,1.13
USC00502607,71,2005,0.89,0.93,1.05,-1.02,0.31,-1.36,-1.47,-1.67,1.19,-0.82,2.24,-0.86
USC00502607,71,2006,-0.64,-1.25,1.41,-0.76,-0.25,1.24,-0.84,0.28,-99.99,0.58,-1.33,0.07
USC00502607,71,2007,1.22,-1.7,1.18,0.42,-0.32,-0.85,-1.56,2.36,0.79,-1.15,-0.5,-0.7
USC00502607,71,2008,-0.27,-0.52,-0.55,0.36,-0.87,-0.83,2.3,-0.22,0.62,1.11,1.03,0.01
USC00502607,71,2009,-1.03,0,0.58,-1.02,-99.99,1.78,-2.38,0.68,0.98,-1.06,0.57,-0.23
USC00502607,71,2010,0.59,0.15,-0.26,1.1,-0.29,0.33,1.51,1.6,-1.5,-1.21,1.28,-0.52
USC00502607,71,2011,-0.6,1.07,-1.85,0.26,-1.09,1.09,1.07,-0.06,-1.08,-0.78,-0.18,1.11
USC00502607,71,2012,1.06,0.34,0.06,0.39,-0.14,-1.85,0.17,-0.58,-1.14,1.39,-0.35,0.01
USC00502607,71,2013,1.34,0.68,0.42,1.98,-0.34,-0.58,0.51,-99.99,1.88,-1.26,0.7,1.4
USC00502607,71,2014,0.85,-0.31,-1.85,-0.06,-1.37,0.26,1.42,0.46,-0.76,0.72,-2.11,-1.16
USC00502607,71,2015,1.45,0.19,0.63,2.23,-0.7,0.35,0.14,1.76,0.25,1.07,0.35,-0.26
USC00502607,71,2016,-0.85,-0.64,-0.03,0.77,1.26,0.01,1.41,0.8,-0.05,-1.8,-0.18,0.26
USC00502607,71,2017,1.87,-0.08,-1.6,-0.17,1.42,0.1,0.24,-0.28,0.43,0.16,-0.44,-0.94
USC00502607,71,2018,-0.52,1.42,0.93,-99.99,2.49,0.35,1.14,2.72,0.19,-99.99,-99.99,-99.99
USC00506581,71,1968,-99.99,-99.99,-99.99,-99.99,-99.99,-99.99,-99.99,-99.99,-99.99,-0.7,-0.2,0.99
USC00506581,71,1969,0.59,-0.18,1.05,-0.76,0.71,-1.69,0.48,-0.39,-99.99,-1.89,-0.22,-3.72
USC00506581,71,1970,-0.67,-0.56,-1.42,0.34,-0.59,1.27,-1.25,-0.47,-0.55,0.61,2.04,1.73
USC00506581,71,1971,-1.74,0,0.51,0.61,-0.12,-1.21,0.29,0.77,1.35,1.67,-99.99,1.4
USC00506581,71,1972,0.15,0.05,0.09,0.13,-0.89,-0.47,-0.37,-1.01,1.59,0.25,-0.07,0.61
USC00506581,71,1973,0.17,-1.39,0.48,-0.12,1.6,-0.54,0.73,0.28,-1.69,0.29,0.52,-0.62
USC00506581,71,1974,-0.93,0.53,0.43,0.27,-1.41,-0.61,-0.01,0.07,-0.83,1.05,0.94,0.68
USC00506581,71,1975,0.81,-0.96,0.83,1.09,-0.48,-0.85,0.65,0.31,-0.56,0.46,-0.12,-0.85
USC00506581,71,1976,-1.74,-1.39,0.3,-0.76,1.1,-0.91,-0.69,-1.04,-0.55,0.6,-0.68,-3.72
USC00506581,71,1977,-0.49,1.22,0.65,0.8,1.26,1.25,-0.59,-1.6,1.89,0.17,-0.75,0.43
USC00506581,71,1978,-0.03,0.16,-0.78,-0.76,0.09,0.31,-0.07,-0.79,0.24,-1.1,0.28,-99.99
USC00506581,71,1979,0.64,-1.39,0.9,0.87,-0.62,-0.55,0.86,-0.66,-1.56,-0.17,0.2,0.19
USC00506581,71,1980,0.07,-0.42,-1.05,-0.36,-0.4,-0.39,-1.35,-0.77,-0.33,-1.23,0.51,-0.58
USC00506581,71,1981,-1.74,0.87,-0.78,0.27,1,-0.54,0.67,-0.88,-1.1,-0.58,0.27,0.03
USC00506581,71,1982,-0.54,0.43,-0.45,1.21,0.86,0.67,0.93,0.33,-0.79,1.11,0.93,-1.72
USC00506581,71,1983,-0.6,-0.26,-1.05,-0.17,-0.85,-1.63,-0.48,0.63,-0.03,1.16,-2.04,0.05
USC00506581,71,1984,2.62,1.96,-0.45,2.04,1.37,-0.45,0.53,-0.67,-0.64,1.04,1.76,2.52
USC00506581,71,1985,0.7,1.44,1.62,1.62,-0.48,0.67,-1.1,0.41,1.63,0.4,0.17,-0.62
USC00506581,71,1986,0.56,-0.65,1.57,-0.04,-0.3,-0.91,0.53,-0.33,-0.27,0.25,0.74,-1.15
USC00506581,71,1987,0.34,-1.39,-1.42,-0.76,-0.62,-0.14,-0.57,-1.25,-0.77,0.88,2.1,1.58
USC00506581,71,1988,0.71,-1.39,-1.05,-0.08,1.42,1,0.03,-0.71,-1.18,0.42,0.15,-0.05
USC00506581,71,1989,0.15,0.5,-0.15,-0.76,0.85,0.78,-0.49,-1.36,-0.81,0.2,0.18,0.08
USC00506581,71,1990,0.4,1.49,-0.86,-0.76,-0.72,-0.78,0.72,-0.55,0.24,-1.16,1.12,1.71
USC00506581,71,1991,0.99,-0.56,2.05,-0.76,-1.1,-1.43,-1.17,-0.45,0.36,-0.37,-0.11,-99.99
USC00506581,71,1992,0.3,0.65,0.85,0.91,0.75,1.23,-0.99,-0.99,0.68,0.35,0.23,0.8
USC00506581,71,1993,1.86,-0.26,0.48,-0.76,-0.75,-0.45,-1.61,-0.16,0.07,-0.92,0.69,0.15
USC00506581,71,1994,-0.06,0.08,-0.64,1.06,-1.35,1.23,-1.89,-1.46,-1.8,0.19,1.34,0.08
USC00506581,71,1995,-0.39,-0.36,0.9,0,0.13,0.34,0.54,0.26,0.26,-0.98,-1.12,-3.72
USC00506581,71,1996,-0.3,1.67,0.65,-0.36,-0.89,0.48,-0.23,0.82,0.02,0.37,0.15,-0.11
USC00506581,71,1997,-0.16,0.16,-0.86,-0.76,-0.23,-1.11,-1.17,0.87,-1.21,0.55,-0.82,0.29
USC00506581,71,1998,-1.74,-0.26,-1.28,-0.22,-1.24,-0.49,1.2,1.21,0.57,-1.41,-0.71,0.13
USC00506581,71,1999,-0.39,-0.77,-0.78,-0.6,0.23,0.46,-0.4,-0.09,0.88,0.92,0.33,0.18
USC00506581,71,2000,1.61,-1.39,0.01,-0.76,1.56,-0.96,-0.58,1.63,0.9,-0.25,-0.85,-3.72
USC00506581,71,2001,0.15,0.58,0.05,0.32,-0.17,-0.74,-99.99,0.57,-0.77,0.2,-1.3,-0.33
USC00506581,71,2002,0.4,-0.18,-0.15,2.32,-0.48,-0.08,1.08,1.55,0.53,0.13,-1.91,-0.67
USC00506581,71,2003,-0.39,0.86,-0.78,-0.76,-0.93,-0.49,-99.99,0.73,0.77,-1.2,0.9,0.12
USC00506581,71,2004,0.15,0.53,0.33,-0.76,1.74,-0.6,-0.3,-1.72,0.17,0.03,0.12,0.83
USC00506581,71,2005,1.4,0,0.09,0.44,0.67,1.32,-99.99,-1.43,0.41,-1.37,-0.01,0.63
USC00506581,71,2006,1.58,2.22,0.45,0.82,1.74,1.32,1.07,1.49,-0.56,3.17,-1.37,0.16
USC00506581,71,2007,0.12,-0.42,2.1,-0.76,-99.99,1.01,1.11,0.34,1.5,1.09,-1.18,-0.01
USC00506581,71,2008,0.71,-0.31,-1.15,1.5,0.36,-99.99,2.09,1.35,-0.01,-0.01,-0.59,0.15
USC00506581,71,2009,0.24,0.53,1.44,-0.6,-0.68,0.28,-1.27,1.54,-0.27,-0.63,-0.98,-1.03
USC00506581,71,2010,-1.74,-0.65,-1.28,0.67,0.56,0.63,-0.18,0.48,-1.27,-1.07,1.17,-0.33
USC00506581,71,2011,-1.74,1.22,-0.15,-0.29,-0.89,1.23,-0.29,0.35,-0.27,-1.07,-0.29,0.4
USC00506581,71,2012,0.15,0.25,1.2,-0.76,0.92,0.32,0.4,-0.65,-0.46,1.26,-0.82,0.69
USC00506581,71,2013,0.88,0.21,0.13,0.67,-1.19,-1.54,-0.48,-99.99,0.83,-0.15,1.35,0.33
USC00506581,71,2014,-1.06,0.5,-0.29,0.29,-0.82,2.35,1.78,1.35,1.03,-0.35,-0.89,0.29
USC00506581,71,2015,0.02,0.58,0.54,0.59,-0.56,-0.24,0.91,1.87,1.96,0.22,0.91,-3.72
USC00506581,71,2016,-1.74,-1.39,0.01,0.86,0.73,1.25,2.12,0.05,0.9,-2.54,-1.02,0.98
USC00506581,71,2017,0.7,0.97,-0.71,0.29,0.72,0.99,-0.11,0.63,0.66,2.15,1.2,-0.85
USC00506581,71,2018,0.52,1.2,0.73,-0.76,0.99,-0.77,-0.06,1.9,1.03,-99.99,-99.99,-99.99
USW00025308,71,1941,-1.36,-1.66,0.43,-0.72,-0.6,0.71,0.05,-1.83,-0.89,0.02,-0.14,-1.01
USW00025308,71,1942,-0.5,-1.62,0.37,0.09,-0.61,-1.88,-1.33,-0.99,-1.6,0.27,0.05,-0.26
USW00025308,71,1943,-0.2,0.82,-2.22,-0.19,0.46,-1.36,1.56,0.01,-0.67,-0.97,0.65,0.37
USW00025308,71,1944,0.42,-0.96,0.81,-0.09,0.87,-0.74,-0.06,-99.99,-0.5,0.85,-0.19,-0.57
USW00025308,71,1945,0.29,-0.11,0.79,0,-1.76,1.27,-99.99,-2.82,-0.18,-0.31,-1.16,-99.99
USW00025308,71,1946,-0.58,0.56,1.05,0.35,-1.98,-0.37,-99.99,-99.99,-99.99,-99.99,-99.99,-99.99
USW00025308,71,1947,0.3,-0.44,-0.18,0.18,-0.76,0,0.57,-99.99,-0.2,0.89,-1.12,0.64
USW00025308,71,1948,1.01,-0.44,-1.06,-2.4,-1.41,0.1,-0.68,-0.56,1.63,0.83,0.05,-0.73
USW00025308,71,1949,0,-0.49,-0.04,3.23,-0.24,2.08,1.11,0,0.46,0.93,0.33,-1.49
USW00025308,71,1950,-3.54,0.27,-0.2,0.13,0.71,-0.99,2,0.82,0.12,-1.04,-1.68,0.04
USW00025308,71,1951,-0.39,-0.3,0.61,-0.18,-0.35,0.04,-0.92,-0.43,-1.18,-1.06,-0.81,-1.01
USW00025308,71,1952,0.04,-0.25,0.43,0.13,-0.91,-0.35,-0.8,-0.04,0.97,-1.19,-0.82,-1.05
USW00025308,71,1953,-1.43,0.96,0.57,-0.56,1.25,-1.25,-0.56,-0.76,0.56,0.58,0.74,0.96
USW00025308,71,1954,-0.73,1.29,-0.63,0.13,-0.23,0.68,-0.22,-2.68,-1.29,0.64,0.8,1.57
USW00025308,71,1955,1.65,0.71,0.83,0.84,1.56,1.52,-0.99,1.84,0.56,2.35,0.05,-1.84
USW00025308,71,1956,-1.36,0.48,0.42,1.65,1.37,2.34,0.31,2,-1.15,0.96,1.57,1.27
USW00025308,71,1957,-2.03,0.01,-0.29,0.83,0.07,0.93,1.03,-0.1,-0.63,-0.97,1.86,1.23
USW00025308,71,1958,2.28,0.38,-1.67,0.51,1.53,-1.83,-0.26,2.38,1.33,2.65,1.52,1.18
USW00025308,71,1959,0.55,0.43,2.83,0.99,0.88,0.65,2.19,0.89,1.2,1.54,2.38,2.69
USW00025308,71,1960,1.84,0.77,2.83,1.72,-0.22,0.37,1.66,-0.9,0.15,1.1,-0.97,0.49
USW00025308,71,1961,-0.08,1.28,0.44,-0.04,-0.85,0.13,-0.81,0.26,-1.13,1.26,0.68,0.73
USW00025308,71,1962,2.02,-2.62,-0.55,1.27,-1.37,1.21,-0.76,0.42,0.18,0.1,0.65,0.88
USW00025308,71,1963,-0.51,1.81,-1.24,-0.41,-0.74,1.5,0.44,-2.58,1.75,0.79,-0.31,0.69
USW00025308,71,1964,1.17,1.16,0.75,0.17,-0.24,-0.49,0.68,0.88,-0.01,0.67,-0.46,-0.27
USW00025308,71,1965,1.28,2.09,-1.81,0.67,0.74,0.03,-0.58,-0.75,-2.18,1.81,-0.09,0.52
USW00025308,71,1966,0.31,0.83,1.88,-1.51,2.12,-1.27,-0.87,-0.46,-0.11,0.56,-1.62,-0.36
USW00025308,71,1967,-0.2,1.58,-1.8,-1.89,0.66,-0.9,1.57,0.83,1.41,0.55,-1.68,0.22
USW00025308,71,1968,0.27,-0.69,0.61,1.62,-1.83,-0.35,0.11,0,1.34,0.69,0.43,-1.66
USW00025308,71,1969,-2.18,-1.49,-1.55,0.89,-0.39,-0.97,0.63,1.01,-1.41,-1.03,2.01,0.97
USW00025308,71,1970,-0.63,-0.06,-0.04,0.17,1.43,0.28,0.5,0.35,0.52,0.13,-3.17,-1.03
USW00025308,71,1971,-0.68,0.6,0.39,0.69,-0.51,-0.6,-2.34,0.5,-0.69,-0.1,0.35,-0.63
USW00025308,71,1972,-0.5,0.04,0.63,0.36,-0.17,0.03,-0.09,0.76,-1.45,-0.21,-0.4,-0.36
USW00025308,71,1973,-0.06,0.35,0.23,0.38,1.05,0.49,0.38,-0.49,0.77,0.21,-1.97,-0.09
USW00025308,71,1974,-1.04,0.87,-1.76,0.14,0.59,0.14,-0.7,-1.33,-0.65,1.22,0.78,0.92
USW00025308,71,1975,0.34,-0.2,-1.14,0.12,-0.63,0.31,0.16,0.04,0.03,-1.22,-0.63,0.73
USW00025308,71,1976,1.51,0.42,0.93,0.37,1.11,-0.2,0.82,0.27,0.85,-0.62,-0.42,0.84
USW00025308,71,1977,-1.22,1.81,-0.14,-0.07,-0.99,0.71,-0.19,-1.6,-1.18,0.13,-0.04,-1.3
USW00025308,71,1978,-2.35,-0.6,-0.08,-0.54,-0.63,-1.93,-1.45,-0.11,0.48,0.24,0.49,0.06
USW00025308,71,1979,-1.02,-0.29,0.44,-1.93,1.12,0.88,-1.06,-1.22,0.67,-0.85,-0.38,0.26
USW00025308,71,1980,-1.58,-0.03,0.45,2.34,-0.39,-2,0.86,0.03,-0.47,0.62,0.99,0.6
USW00025308,71,1981,0.05,-0.51,0.64,0.79,-0.34,0.2,-1.2,0.22,0.86,-1.36,0.87,-0.4
USW00025308,71,1982,-0.32,-1.44,-0.53,-0.02,0.55,-2.11,0.08,-1.7,-1.21,0.17,-0.81,-0.9
USW00025308,71,1983,0.19,-0.54,-2.33,-1.22,-0.37,-0.65,0.84,1.02,-0.39,0.17,-0.82,-2.05
USW00025308,71,1984,0.46,0.76,0.1,-0.59,-0.13,1.92,0.88,0.2,-1.24,-0.24,-0.87,-0.75
USW00025308,71,1985,0.47,0.35,0.06,0,-0.53,-0.76,-1.48,-0.34,-0.92,-0.41,-2.3,-0.27
USW00025308,71,1986,0.69,-1.56,0.49,-0.11,0.26,-0.6,-0.2,-1,-1.16,1.35,-0.03,-0.18
USW00025308,71,1987,0.21,0.1,-1.04,1.05,0.75,1.14,-1.93,-0.83,1.85,-1.71,1.05,0.23
USW00025308,71,1988,-0.13,-0.61,1.28,-0.12,0.9,0.22,1.02,0.38,-0.33,-0.64,0.41,-0.58
USW00025308,71,1989,1.24,-2.95,-1.15,-2.07,-1.19,-0.89,-1.46,-1.43,-1.31,-0.12,1,1.22
USW00025308,71,1990,0.01,-0.7,0.49,-1.21,-0.7,0.6,-0.93,-0.17,-0.88,0.03,-1.27,0.3
USW00025308,71,1991,-0.43,0.49,-0.33,-1.04,0.03,-0.27,1.37,0.63,0.26,0.53,1.82,1.95
USW00025308,71,1992,1.29,-0.56,0.02,0.75,0.62,-0.05,-0.4,-0.66,1.8,-0.64,0.44,-0.48
USW00025308,71,1993,0.52,1.81,-0.46,-0.54,-0.33,-0.63,-0.18,-0.94,-1.23,-0.58,0.52,1.09
USW00025308,71,1994,0.96,-0.33,0.46,-0.51,0.37,0.22,-0.15,-0.88,0.86,-0.04,0.69,-0.27
USW00025308,71,1995,-1.75,-0.88,-0.23,-0.61,-1.2,-0.91,0.01,-0.41,-1.08,0.15,0.78,0.09
USW00025308,71,1996,-0.93,0.04,-0.46,0.14,-1.28,1.18,-1.93,-0.39,-0.06,0.14,-1.12,-0.66
USW00025308,71,1997,-0.14,0.3,-0.03,0.29,-1.32,0.47,0.59,-0.22,0.38,-0.29,-0.83,1.36
USW00025308,71,1998,-0.94,-0.77,-0.91,-0.47,-1,-0.61,-0.37,1.43,0.26,-0.87,-1.25,0
USW00025308,71,1999,0.28,0.33,-0.31,-0.06,1.61,1.18,0.29,0.7,0.86,0.18,0.45,-0.2
USW00025308,71,2000,-0.12,-0.61,1.32,0.09,0.01,-0.66,1.3,1.01,0.38,-0.98,0.1,-1.37
USW00025308,71,2001,1.53,-0.98,0.28,-0.39,1.88,0.51,0.62,0.81,1.06,0.24,-0.33,-0.25
USW00025308,71,2002,-0.34,0.6,-1.43,-1.76,0.29,0.73,-0.65,1.45,0,-1.71,-0.26,0.11
USW00025308,71,2003,0.63,-1.09,-0.12,-1.02,0.42,0.73,-0.73,1.02,1.05,0.32,-0.29,0.07
USW00025308,71,2004,0.53,-1.03,-0.25,0.13,-0.78,-1.09,-0.4,-0.72,-0.66,-0.04,0.05,-0.05
USW00025308,71,2005,0.74,0.69,1.01,-0.53,-1.51,-0.5,1.51,-0.12,-0.88,0.28,1.34,-0.06
USW00025308,71,2006,0,-0.86,-1.45,1.36,-0.09,-0.62,0.23,-0.14,0.46,-1.36,-0.27,1.14
USW00025308,71,2007,-0.01,-0.2,0.91,0.94,-0.78,-1.17,0.56,-0.65,-0.72,1.34,-0.7,-0.31
USW00025308,71,2008,-0.87,0.76,0.1,-0.19,0.85,0.98,1.62,1.11,-1.2,0,0.47,-0.83
USW00025308,71,2009,0.49,-0.36,-0.08,-1.09,-0.71,-0.89,-0.43,0.58,0.84,-0.96,0.11,-2.25
USW00025308,71,2010,0,-0.35,1.33,-0.94,-1.23,1.44,-0.49,-0.13,0.82,1.13,-0.31,-1.27
USW00025308,71,2011,0.06,-0.79,-0.42,-1.2,0.33,-1.36,1.29,1.56,2,0.25,-0.03,-0.16
USW00025308,71,2012,0.95,-0.58,0.4,-1.01,1.21,1.47,1.4,-0.69,0.64,-2.23,0.11,-0.66
USW00025308,71,2013,-0.49,1.18,-1.17,-0.31,0.34,-0.42,-0.45,-0.48,-0.58,-1.23,0.31,1.31
USW00025308,71,2014,-0.52,-1.28,0.05,2.06,-0.24,1.26,1.17,-0.13,-0.03,-0.03,-0.47,0.38
USW00025308,71,2015,1.12,-0.53,0.53,1.18,-2.71,-0.41,1.2,0.71,0.4,0.15,-0.35,-1
USW00025308,71,2016,-0.13,1.62,-0.46,1.23,0.39,-0.29,-0.37,-1.06,0.11,-2.56,-0.04,-1.25
USW00025308,71,2017,-0.49,-0.88,0.94,-1.64,1.07,0.65,-0.62,1.33,-0.03,-0.88,-1.31,-99.99
USW00025308,71,2018,-99.99,-1.32,-1.12,-0.31,0.06,-99.99,-1.85,-1.19,-1.77,-99.99,-99.99,-99.99
USW00025309,71,1948,-99.99,-99.99,-99.99,-99.99,-99.99,-99.99,0.64,-0.86,1.33,1.04,1.6,-0.92
USW00025309,71,1949,1.01,0.13,-1.13,0.99,0.05,1.39,-0.13,-0.8,0.04,0.3,1.26,-1.25
USW00025309,71,1950,-2.04,-0.81,-1.49,-0.6,0.05,-2.29,1.24,-0.2,-0.13,-1.92,-1.42,-0.67
USW00025309,71,1951,-1.2,-0.77,0.16,0.51,-0.83,0.67,-1.03,-1.14,-1.39,-1.71,-0.29,-1.28
USW00025309,71,1952,-0.44,-0.47,-0.12,0.63,1.61,-0.54,-0.29,0.17,1.1,1.66,0.58,-0.96
USW00025309,71,1953,-1.62,1.11,0.09,0.11,-0.54,-0.08,-0.8,0,-0.55,1.41,-1.14,0.02
USW00025309,71,1954,-1.25,0.23,-1.36,-0.74,-0.22,-1.63,-0.42,-1.95,-0.95,-0.48,0.08,0.18
USW00025309,71,1955,-0.2,-0.22,0.83,-0.27,0.93,-0.75,-1.28,0.4,-0.82,-0.05,-1.17,-0.97
USW00025309,71,1956,-0.77,0.14,0.8,0.14,0.9,0.25,-0.79,1.59,-1.12,-0.41,1.84,1.63
USW00025309,71,1957,-1.95,0.11,-1.45,0.58,-0.59,-1.67,-0.89,-1.75,-0.74,-1.56,1.05,-0.52
USW00025309,71,1958,0.16,-0.95,-1.55,-0.73,0.51,-0.35,0.05,-0.51,-0.95,0.58,-0.45,0.9
USW00025309,71,1959,-1.67,0.19,0.71,0.43,0.3,-1.79,1.36,-0.03,-0.78,-0.6,0.48,0.36
USW00025309,71,1960,-0.27,-0.92,0.9,0.23,-1.3,0.31,0.05,-0.27,0.27,0.45,-0.19,0.88
USW00025309,71,1961,-0.32,0.15,-0.56,0.74,0.86,0.1,0.85,2.29,-0.24,0.83,0.24,-0.39
USW00025309,71,1962,0.9,-1.62,1.02,-0.69,-0.31,1.08,0.27,-0.1,0.72,-0.08,-0.56,1.12
USW00025309,71,1963,0.76,1.01,0.12,0.7,-0.91,0.96,0.5,-1.91,0.12,0.07,-0.62,-0.17
USW00025309,71,1964,-0.59,1.94,0.59,0.82,0.63,0.21,1.19,-0.82,-1.86,-0.09,-0.22,0.11
USW00025309,71,1965,1.14,0.62,-1.24,0.37,0.69,0.02,-1.4,-0.52,-1.95,0.13,-1.76,-0.29
USW00025309,71,1966,-0.07,-0.32,1.97,-0.62,1.68,-1.28,-0.17,0.35,0.18,-0.23,-0.42,-0.2
USW00025309,71,1967,-0.2,0.46,-1.46,-1.71,-0.25,-0.17,0.02,0,0.3,-0.72,0.13,-0.76
USW00025309,71,1968,-0.56,0.71,0.24,0.32,-1.36,-1.03,0.2,-1.31,0.86,-1.23,-0.04,-1.52
USW00025309,71,1969,-2.04,-1.81,0.45,-0.96,0.04,-0.56,1.52,0.77,-0.81,-1.65,1.1,-0.25
USW00025309,71,1970,-1.03,-0.2,0.39,0.61,0.38,-0.09,0.4,0.75,0.76,-0.66,-1.48,-1.12
USW00025309,71,1971,0.41,0.08,-0.12,-0.3,0.6,-1.28,-2.13,0.54,-0.84,-0.69,-0.42,-0.77
USW00025309,71,1972,-0.33,-0.55,0.46,0.56,0.44,0.63,-3.3,1.14,-0.52,0.3,-0.86,-0.62
USW00025309,71,1973,-0.05,0.09,-0.33,-0.32,0.48,-0.22,-0.33,0.45,-0.99,-0.58,-1.68,-1.28
USW00025309,71,1974,-1.03,1.1,-1.59,-0.18,-1.18,1.18,-0.67,0.12,-0.62,2.12,0.81,0.76
USW00025309,71,1975,-0.17,0,-0.91,0.17,0.17,-0.5,0.38,-1.13,-0.16,-1.76,-1.09,0.33
USW00025309,71,1976,1.27,0.5,0.07,-0.56,0.06,0.22,-1.18,-0.95,0.22,-0.53,-0.12,0.24
USW00025309,71,1977,0.04,0.38,-0.14,0.8,-1.27,0.27,-0.63,-1.02,-0.76,-0.17,-0.34,-1.36
USW00025309,71,1978,-1.45,-1.26,-1.13,-0.52,-0.3,0.07,-0.13,-0.43,-1.68,1.58,-0.62,-0.2
USW00025309,71,1979,-1.13,-1.65,0.31,-1.95,-0.59,-0.28,0.6,-2.25,-1.01,0.48,1,0.99
USW00025309,71,1980,-0.47,-0.48,-0.51,1.51,-0.53,0.86,1.03,0.06,0.08,1.13,0.58,-1.29
USW00025309,71,1981,0.06,-0.62,-1.09,-0.59,-0.03,-0.54,0.02,0.28,1.36,-0.53,0.53,-1.32
USW00025309,71,1982,-0.33,-1.31,-0.67,-0.3,1.05,-1.14,-2.04,0.2,-0.93,0.12,-1.43,-2.03
USW00025309,71,1983,-0.21,-1.13,-1.96,-0.23,1.19,-0.31,-0.66,1.44,-0.56,-1.4,-1.93,-2.6
USW00025309,71,1984,0.59,0.75,0.17,-0.59,-1.04,0.74,1.19,0.31,-1.56,-0.34,0.19,0.06
USW00025309,71,1985,1.81,1.4,0.8,0.77,0.48,0.68,-0.57,-0.79,-1.04,-1.11,-1.72,1.18
USW00025309,71,1986,0.91,-0.26,1.76,0.12,-0.53,-0.26,-1.28,0.55,-1.93,1.41,0.15,0.55
USW00025309,71,1987,-0.22,-0.32,-0.94,-0.61,-0.48,1.74,-1.13,-0.37,0.43,0.87,0.61,0.14
USW00025309,71,1988,-0.91,1.22,0.43,-0.46,0.37,-0.92,0.5,0.03,-0.8,0.68,1.07,-0.08
USW00025309,71,1989,0.83,-2.29,-1.47,-2.13,0.08,-2.25,-0.23,-1.11,-0.14,-0.46,0.28,0.68
USW00025309,71,1990,-0.33,0.37,0.92,-1.8,-1.14,0.18,0.22,-0.04,1.03,-0.37,-0.22,0.41
USW00025309,71,1991,-0.14,1.22,0.61,1.21,0.84,0.24,0.33,1.46,2.55,0.34,1.38,1.47
USW00025309,71,1992,1.42,1.49,1.97,0.56,2.97,-0.08,0.48,-0.17,1.31,-0.64,0.85,0.3
USW00025309,71,1993,1.53,1.8,-0.01,-0.75,-0.78,1.18,-1.4,-0.94,0.27,0.46,1.8,1.04
USW00025309,71,1994,0.93,-0.64,2.06,0.6,0.54,-1.16,0.05,-1.18,1.21,0.51,1.37,0.48
USW00025309,71,1995,-1.3,-0.51,-0.34,-0.61,-0.31,0.27,0.09,-0.17,-0.09,-0.59,-1.04,-0.16
USW00025309,71,1996,-1.1,1.92,0.41,-0.51,-1.08,1.82,-0.65,0.9,1.05,-0.53,-1.12,-0.09
USW00025309,71,1997,-0.83,1.83,0.27,1.04,-0.04,0.32,2.27,-0.62,0.2,0.08,-0.32,2.58
USW00025309,71,1998,-0.94,-1.01,0.13,0.23,-0.77,-0.49,0.37,0.51,-0.54,1.36,-1.63,0.19
USW00025309,71,1999,1.25,-0.56,-0.62,2.47,1.36,-0.31,-0.06,0.49,1.03,1.38,0.12,1.75
USW00025309,71,2000,0.13,-1.22,1.54,1.02,-0.04,1.59,1.09,0.25,0.83,0.8,0.33,-0.33
USW00025309,71,2001,1.04,0.31,-0.12,-0.52,1.1,-1.4,1.31,-0.74,0.24,0.07,-0.73,-0.2
USW00025309,71,2002,-0.54,0.84,-1.47,-3.05,-0.64,0.24,0.26,1.75,-0.58,0.97,0.86,0.35
USW00025309,71,2003,0.46,-1.3,0.03,-2.15,-0.28,0.47,-0.46,-0.37,1.29,-1.3,0.27,0.37
USW00025309,71,2004,0.53,0.86,1.42,1.04,-1.89,-1.89,-0.4,-1.25,0.54,-0.15,1,1.85
USW00025309,71,2005,0.53,1.05,0.46,0.09,-1.86,-0.07,0.51,0.43,0.78,0.5,2.42,0.67
USW00025309,71,2006,-0.72,-0.91,-1.32,0.93,0.75,1.69,0.11,1.91,1.84,1.27,-0.83,1.49
USW00025309,71,2007,0.66,-0.39,0.89,0.14,0.59,-1.14,1.11,-1.33,0.49,1.24,-0.94,-0.53
USW00025309,71,2008,0.17,0.55,0.35,1.24,0.35,-1.35,1.65,-0.05,1.1,2.07,0.16,-0.45
USW00025309,71,2009,1.61,0.07,-0.38,-0.53,-0.43,-0.2,-1.3,0.69,0.43,-0.75,0.61,-0.43
USW00025309,71,2010,0.12,-1.24,1.83,0.2,-1.53,0.67,-0.2,-0.46,-0.52,0.41,0.83,-1.52
USW00025309,71,2011,0.3,0.86,-1.5,-0.86,-0.33,0.94,-0.41,1.82,0.31,-0.08,0.78,0.9
USW00025309,71,2012,0.72,-0.33,-0.46,-1.02,1.38,2.04,0.56,0.79,1.16,-1.8,-0.34,-0.01
USW00025309,71,2013,1.13,1.25,-0.78,2,1.17,0.09,0.13,-0.22,-0.06,0.79,0.44,1.23
USW00025309,71,2014,1.81,-0.96,-0.04,-0.11,-1.18,2.37,1.65,1.11,0.57,-0.05,-0.4,-0.74
USW00025309,71,2015,2.26,-0.07,0.69,2.35,-2.21,1.03,2.29,1.24,1.33,-0.14,2.06,-1.21
USW00025309,71,2016,0.75,-0.25,-0.91,1.43,1.35,0.29,0.04,0.2,1.37,-2.37,0.39,0.66
USW00025309,71,2017,0.67,0.26,0.64,-0.73,1.1,0.54,1.23,1.09,0.21,0.56,-1.32,1.1
USW00025309,71,2018,0.46,-0.74,-0.66,0.25,1.15,0,-0.9,0.58,-2,-99.99,-99.99,-99.99
USW00025325,71,1948,0.99,-0.99,-0.83,-1.99,-1.17,-0.31,-0.17,-0.22,1.48,0.75,0.41,-0.37
USW00025325,71,1949,-99.99,-99.99,-99.99,-99.99,-99.99,-99.99,-99.99,-99.99,1.98,-99.99,0.76,-1.58
USW00025325,71,1950,-2.14,0.72,-0.12,0.82,0.3,-1.16,1.89,0.92,1.04,-0.83,-0.63,-99.99
USW00025325,71,1951,0.1,0.01,1.08,0.3,-0.28,1.63,-0.27,-0.44,-1.01,-0.46,-0.6,-0.29
USW00025325,71,1952,-99.99,-0.05,0.44,1.31,-0.16,0.67,0.37,0.29,1.28,-0.4,-0.48,-0.28
USW00025325,71,1953,-0.64,1.5,1.35,0.49,0.81,-1.1,0.44,-0.47,0.82,0.67,0.76,1.27
USW00025325,71,1954,-0.51,1.95,-0.99,0.1,-99.99,0.36,0.03,-1.8,-0.41,0.77,0.59,1.44
USW00025325,71,1955,0.74,0.23,-0.39,0.22,0.66,0.56,-1.22,1.48,-0.13,0.71,-0.71,-1.93
USW00025325,71,1956,-1.47,-0.35,0.01,0.59,0.99,1.25,-0.6,2.04,-1.22,0.02,0.94,1.13
USW00025325,71,1957,-1.91,-0.72,-0.57,0.14,-0.23,-0.1,0.26,-0.46,-0.83,-0.9,0.84,0.2
USW00025325,71,1958,0.84,-0.47,-1.52,0.43,0.89,-1.96,-0.65,1.48,0.02,1.23,0,0
USW00025325,71,1959,-0.55,-0.28,1.5,-0.2,-0.36,-0.39,0.66,0.18,0.02,0.6,0.95,2.04
USW00025325,71,1960,0.13,-99.99,-0.35,0.88,-0.29,0.19,1.63,-0.69,-0.17,1.65,-0.24,0.82
USW00025325,71,1961,0.12,1.19,0.1,0.16,-0.45,0.17,-0.51,0.98,-0.51,1.56,0.08,0.48
USW00025325,71,1962,2.36,-2.58,0.22,1.14,-1.05,1.02,-0.62,-0.25,0.46,-0.29,0.6,1.17
USW00025325,71,1963,0.22,1.36,-0.93,0.02,-0.38,1.69,-0.05,-1.79,1.85,0.73,-0.11,0.47
USW00025325,71,1964,0.36,0.96,-0.2,-0.21,-0.45,-0.59,0.88,1.31,-0.38,1.19,0.07,-0.98
USW00025325,71,1965,0.62,1.25,-1.28,-0.3,-0.62,-0.51,-1.33,-0.87,-2.25,0.67,-1.03,0.13
USW00025325,71,1966,0.49,-0.02,1.73,-1.26,2.02,-0.56,-0.84,0.11,0.88,0.21,-1.17,-0.14
USW00025325,71,1967,-0.1,1.71,-1.84,-1.29,0.58,-0.6,1.98,1.54,1.21,0.29,-1.39,0.19
USW00025325,71,1968,0.41,-0.12,0.64,1.95,-1.37,-0.97,0.13,0.41,1.16,1.14,0.99,-1.55
USW00025325,71,1969,-1.55,-1.36,-1.16,1.25,-0.7,-0.42,1.29,0.42,-1.39,-1.18,3.04,0.99
USW00025325,71,1970,0.25,0.15,0.39,1.07,1.09,1.32,0.92,0.8,1.17,0.33,-3.72,-0.66
USW00025325,71,1971,-0.97,0.69,0.57,0.6,-0.49,-0.15,-1.94,0.39,-0.6,0.37,0.69,-0.96
USW00025325,71,1972,-0.26,0.56,1.27,0.98,-0.01,0.24,0.28,1.18,-0.71,0.4,-0.89,-0.48
USW00025325,71,1973,0.3,-0.16,0.7,-0.54,1.41,0.56,1,-0.37,1.36,0.05,-2.23,0.23
USW00025325,71,1974,-0.79,1.09,-1.51,0.11,1.29,0.85,-0.48,-0.78,-0.92,2.29,1.54,1.24
USW00025325,71,1975,0.41,-0.49,-0.14,-0.42,-0.02,0.21,0.86,-0.43,-0.5,-1.23,-0.49,1.01
USW00025325,71,1976,1.07,-0.61,0.72,0.71,1.18,-0.58,0.96,0.66,0.21,-0.67,-0.1,0.89
USW00025325,71,1977,-0.71,1.51,0.25,0.15,-0.92,1.19,0.2,-1.1,-0.86,1.11,-0.21,-1.49
USW00025325,71,1978,-1.41,-99.99,-99.99,-99.99,-99.99,-99.99,-99.99,-99.99,-99.99,1.03,-0.34,-0.95
USW00025325,71,1979,-1.14,-1,-0.79,-1.88,0.85,0.59,-0.43,-1.66,0.36,-0.75,-1.55,0.61
USW00025325,71,1980,-1.48,-0.11,0.39,1.9,-0.08,-1.71,-99.99,-0.34,-99.99,0.31,0.99,-0.31
USW00025325,71,1981,-1.22,-99.99,0.87,0.61,-99.99,0.61,-0.54,0.19,1.19,-0.97,0.82,-1.35
USW00025325,71,1982,-1.76,-99.99,-99.99,0.41,-99.99,-99.99,-99.99,-99.99,-0.84,0.04,-99.99,-99.99
USW00025325,71,1983,0.36,-0.54,-1.78,-1.08,-0.2,0.21,1,0.88,-0.42,-0.06,-99.99,-99.99
USW00025325,71,1984,0.82,0.56,0.5,-0.87,0.31,2.03,0.33,0.12,-0.64,-0.87,-0.88,-0.88
USW00025325,71,1985,-99.99,-99.99,-99.99,-99.99,-99.99,-99.99,-99.99,-99.99,-0.72,-99.99,-99.99,-99.99
USW00025325,71,1986,-99.99,-99.99,-99.99,-99.99,-99.99,-99.99,-99.99,-99.99,-0.42,1.95,0.05,-0.41
USW00025325,71,1987,0.53,0.01,-99.99,0.66,0.6,1.25,-1.67,-1,1.26,-0.7,1.98,-0.26
USW00025325,71,1988,-99.99,-99.99,-99.99,0.08,0.19,0.7,1.14,-0.08,-0.2,0.04,1.22,-99.99
USW00025325,71,1989,1.07,-2.67,-1.31,-1.71,-1.51,-1.42,-1.36,-1.71,-1.24,-0.26,-0.25,0.63
USW00025325,71,1990,-0.77,-0.5,-0.32,-0.52,-1.32,-0.14,-0.84,-1.11,-1.24,-1.01,-1.29,0.2
USW00025325,71,1991,-0.33,1.02,-0.66,-0.95,0.4,-1.07,0.36,0.2,-1.34,-1.14,0.53,1.32
USW00025325,71,1992,0.4,-0.87,-0.79,-0.31,0.11,-1.5,-1.09,-1.12,1.38,-1.66,0.03,-1.75
USW00025325,71,1993,-0.32,1.46,-1.13,-1.67,-0.33,-1.57,-0.42,-1.4,-2.01,-0.9,-0.24,-0.29
USW00025325,71,1994,-0.53,-1.53,-0.21,-1.09,0.36,-0.34,-0.96,-1.44,0.7,-0.4,-0.98,-1.18
USW00025325,71,1995,-1.93,-1.23,-0.75,-1.35,-1.73,-1.19,-0.74,-0.94,-1.65,-0.14,-0.55,0.02
USW00025325,71,1996,-1.52,-0.97,-0.65,-0.39,-1.67,0.34,-2.23,0.39,0.02,-0.13,-1.47,-99.99
USW00025325,71,1997,-99.99,-99.99,-99.99,-99.99,-99.99,-99.99,-99.99,-99.99,-99.99,-99.99,-99.99,-99.99
USW00025325,71,1998,-99.99,-99.99,-99.99,-0.17,-1.11,-1.11,-0.62,1.27,0.4,-0.55,-1.42,0.49
USW00025325,71,1999,-0.04,0.1,0.24,0.04,1.85,0.67,-0.19,0.84,0.97,0.48,1.27,-0.13
USW00025325,71,2000,-0.14,-0.21,2.01,0.76,-0.02,-1.02,1.42,0.5,0.58,-0.84,1.19,-0.48
USW00025325,71,2001,1.46,-0.5,0.07,0.19,2.19,0.76,0.39,0.86,1.19,-0.41,-0.34,0.06
USW00025325,71,2002,-0.74,0.17,-1.04,-1.87,0.98,1.38,-0.6,1.67,0.27,-1.78,0.5,1.17
USW00025325,71,2003,0.82,-1.08,0.56,-0.75,0.91,0.4,-0.65,0.24,0.87,-0.82,0.1,0.31
USW00025325,71,2004,2.13,-0.35,0.32,-0.32,-0.48,-1.14,-0.6,-0.93,0.05,0.03,0.35,0.61
USW00025325,71,2005,1.54,0.36,1.34,-0.22,-1.1,-0.76,2.19,0.02,0.28,0.59,1.57,0.75
USW00025325,71,2006,0.12,-0.8,-1.43,1.5,0.05,0.02,0.6,-0.17,0.73,-0.8,-0.39,2.14
USW00025325,71,2007,0.6,-0.2,1.41,2.03,-0.23,-1.03,0.7,-0.77,-0.59,1.34,-0.71,0
USW00025325,71,2008,-0.68,1.01,0.67,0.39,0.15,1.31,1.46,0.27,-1.46,0.54,0.64,-0.99
USW00025325,71,2009,-0.03,0.2,-0.31,-0.59,-0.57,0,-1.04,0.5,2,-0.44,0.65,-1.8
USW00025325,71,2010,1.14,-0.23,2.1,-1.24,-1.91,-0.06,-1.19,-0.39,0.07,1.57,0.01,-0.98
USW00025325,71,2011,0.08,0.05,-0.15,-0.93,0.27,-1.37,1.05,1.07,2.01,0.39,0.31,-0.1
USW00025325,71,2012,1.16,-0.53,-0.02,-0.55,1.78,0.75,0.49,-0.84,0.14,-2.04,0.13,-0.92
USW00025325,71,2013,-0.08,1.18,-1.07,-0.64,0.82,-0.84,-0.73,-0.11,0.45,-1.24,-0.08,1.7
USW00025325,71,2014,0.01,-1.73,0.92,1.75,-0.58,1.45,1.22,0.54,-0.02,0.18,-0.21,0.08
USW00025325,71,2015,2.32,0.1,0.43,1.08,-2.69,-0.55,0.21,0.17,-0.29,1.14,-0.05,-0.91
USW00025325,71,2016,0.32,1.86,-0.07,1.01,0.23,-0.62,-0.55,-1.24,0.21,-2.28,0.1,-1.06
USW00025325,71,2017,0.35,0.03,0.91,-1.49,0.5,1.08,0.92,1.98,-0.35,-1.51,-1.81,-0.26
USW00025325,71,2018,0.19,-1.52,-0.89,0.42,0.49,-0.12,-1.81,-1.08,-1.55,-99.99,-99.99,-99.99
USW00025339,71,1936,-99.99,-99.99,-99.99,-99.99,-99.99,-3.72,0.11,-1.23,-0.41,-99.99,1.68,-0.92
USW00025339,71,1937,-0.93,-0.13,0.24,-0.61,-99.99,-99.99,-99.99,-0.24,0.5,-0.07,0.02,-1.17
USW00025339,71,1938,0.68,0.35,-0.15,-0.26,0.78,1.46,-0.05,-1.28,0.76,1.19,1.21,0.83
USW00025339,71,1939,0.15,0.25,0.9,0.37,0.09,-99.99,0.92,1.44,0.43,-0.6,0.59,0.76
USW00025339,71,1940,-0.07,-1.16,0.41,-0.68,0.38,0.76,-0.46,0.83,0.83,-0.22,-99.99,-0.51
USW00025339,71,1941,0.21,-0.4,1.08,1.73,-0.78,0.76,0.59,-1.2,-1.87,0.13,0.26,-1.09
USW00025339,71,1942,0.55,0.6,0.04,-1.16,-1.17,0.79,-0.17,-99.99,0,1.16,-1.99,-3.72
USW00025339,71,1943,0.24,-0.58,-1.81,0.22,-0.19,0.63,0.88,-99.99,-99.99,-99.99,-99.99,-99.99
USW00025339,71,1944,0.49,-0.48,0.93,0.09,1.14,-0.45,0.18,-0.64,-0.36,-0.22,-0.66,0.39
USW00025339,71,1945,0.6,0.83,0.09,-1.02,-1.2,-0.32,0.06,0.43,0.43,0.45,-0.8,-0.5
USW00025339,71,1946,-99.99,-99.99,-99.99,-99.99,-99.99,-99.99,-99.99,-99.99,-99.99,-99.99,-99.99,-99.99
USW00025339,71,1947,0.65,-1.08,1.44,0.61,-99.99,-0.09,-0.53,-0.47,0.14,0.54,1.57,0.88
USW00025339,71,1948,0.61,-1.06,-0.72,-2.38,-1.26,0.03,0.75,-1.4,0.14,1.71,0.72,-0.64
USW00025339,71,1949,1.62,-1.15,0.08,-0.73,-0.31,1.52,0.42,-0.92,0.21,0.01,-0.15,-1.19
USW00025339,71,1950,-3.72,-1.41,-0.92,0.08,0.92,-0.22,0.18,-0.16,-0.51,-3.72,-2.05,-1.49
USW00025339,71,1951,-1.32,-0.69,0.19,0.22,-1.4,0.52,-0.33,-1.33,-0.26,-3.11,-0.45,-3.72
USW00025339,71,1952,-0.92,-0.09,-0.57,0.6,0.72,-0.39,-0.84,0.26,-0.96,-0.28,1.56,-0.01
USW00025339,71,1953,-1.59,0.04,-0.85,-0.51,-1.03,-0.36,-1.5,0.19,-0.01,-0.08,-0.66,0.57
USW00025339,71,1954,-0.54,-0.68,-0.6,-1.67,-1.24,-1.81,-0.19,-1.59,-1.66,0.08,-0.11,0.27
USW00025339,71,1955,0.91,0.63,0.47,-0.62,0.59,0.14,-1.56,0.43,-1.38,0.45,-1.91,-0.23
USW00025339,71,1956,-0.15,-0.11,-0.41,-0.51,1.59,-0.36,-0.36,0.29,0.1,-1.07,2.67,-0.1
USW00025339,71,1957,-1.22,-0.5,-1.69,-0.57,-1.09,-2.02,-1.9,-0.56,-0.38,-0.7,0.43,0.1
USW00025339,71,1958,0.1,-1.35,-3.72,-0.84,0.7,-0.28,0.7,-0.29,-0.95,-0.23,0.12,0.37
USW00025339,71,1959,-1.08,-0.05,0.53,0.27,-0.3,-3.72,2.39,-0.63,-1.6,-0.62,1.07,0.53
USW00025339,71,1960,0.07,-0.11,0.19,-0.62,-1.43,-0.33,2.02,-0.12,0.81,0.39,0.21,1.32
USW00025339,71,1961,-0.56,0.07,0.09,-0.23,0.38,0.35,1.27,1.2,-0.44,-0.35,0.06,-0.71
USW00025339,71,1962,0.88,-1.68,0.67,-0.1,-0.72,1.63,-0.04,-0.97,0.12,0.13,0.63,0.21
USW00025339,71,1963,0.27,1.2,0.57,0.06,0.75,1.46,0.47,-0.66,0.13,1.19,-0.16,1.57
USW00025339,71,1964,0.46,2.9,-0.15,1.01,0.77,0.9,1.69,-0.3,-1.1,-0.48,0.45,-0.12
USW00025339,71,1965,0.91,-0.2,1.26,0.74,2.06,1.92,1.42,0.4,-0.64,1.74,-1.26,-0.02
USW00025339,71,1966,-2.61,-0.19,0.55,-0.05,0.65,-1.36,-1.28,0.73,0.19,-0.24,-0.72,-0.29
USW00025339,71,1967,-0.31,0.14,-1.37,-1.37,-0.52,0.01,0.11,0.36,0.28,-0.26,0.7,0
USW00025339,71,1968,-0.45,1.32,0.17,0.58,-0.69,-0.17,-0.48,-1.36,0.07,-1.08,0.11,-1.7
USW00025339,71,1969,-1.82,-1.34,0.92,-0.66,0.5,-1,0.22,-0.93,-1.62,-0.01,0.31,0.61
USW00025339,71,1970,-0.36,0.23,1.26,0.18,-0.36,-0.2,-0.03,0.46,-1.09,0,-0.7,-0.69
USW00025339,71,1971,0.18,0.95,-0.55,0.6,1.73,-0.97,0.76,-0.87,-0.27,0.2,-0.62,-0.42
USW00025339,71,1972,-0.33,-1.05,0.31,-0.72,-0.01,-0.17,-1.31,1.22,-1.39,-0.24,-0.05,-0.54
USW00025339,71,1973,-0.65,-0.16,0.54,0.6,0.19,-0.32,0.03,0.47,-0.96,-0.56,-2.03,-0.63
USW00025339,71,1974,-1.75,0.47,-2.36,0.76,-0.87,-0.16,-1.37,-1.57,0.39,1.63,1.32,0.95
USW00025339,71,1975,0.03,0.15,-0.71,1.01,0.23,0.73,0.7,-1.24,1.41,-0.27,-0.54,-0.16
USW00025339,71,1976,0.73,-0.77,0,0.36,1.92,-0.95,-0.95,-0.23,1.4,0.11,2.6,0.48
USW00025339,71,1977,0.91,1.45,-0.05,2.09,-0.38,-0.19,-0.52,-1.1,0.4,0.7,-1.23,-1.02
USW00025339,71,1978,-0.23,-0.57,0.52,-0.67,0.89,0.76,0.52,-0.88,-0.7,1.07,-0.28,0.69
USW00025339,71,1979,-0.34,-1.93,2.24,-1.88,0.52,1.62,0.77,-0.75,-0.61,0.93,0.32,-0.19
USW00025339,71,1980,-0.24,0.25,-0.23,1.91,-0.22,-0.38,0.97,0.01,-0.62,1.12,0.59,-1.05
USW00025339,71,1981,1.47,-0.26,0.69,-0.3,-1.11,0.06,0.81,1.87,0.85,1.17,0.48,-0.81
USW00025339,71,1982,-2.02,-1.74,-0.89,1.34,0.03,0.84,-1.16,-0.48,0.02,-0.14,0.55,0.21
USW00025339,71,1983,0.39,0.29,-1.08,1.77,0.73,-0.9,-0.01,0.77,0.77,-0.04,-1.4,-3.72
USW00025339,71,1984,0.98,1.11,0.59,-0.24,-0.8,-0.24,0.75,-0.07,-0.54,-0.44,-0.17,-0.17
USW00025339,71,1985,2.27,-0.12,0.59,0.33,0.53,1.89,-1.47,-0.61,0.78,-0.91,-2.78,1.7
USW00025339,71,1986,1.77,-0.01,0.17,0.29,0.01,0.79,-0.57,1.62,-3.72,0.75,0.63,2.03
USW00025339,71,1987,1.52,0.81,0.49,1.55,1.4,2.16,-1.82,-1.69,2.99,2.54,1.6,1.12
USW00025339,71,1988,-0.97,1.06,1.33,1.59,0.17,-0.09,0.75,1.41,-0.07,1.51,0.6,1.73
USW00025339,71,1989,0.15,-2.47,-1.68,-1.54,1.05,1.28,0.11,-0.81,0.8,0.86,0.74,2.05
USW00025339,71,1990,0.16,0.79,1.37,-0.55,-0.66,0.72,1.79,0.95,1.93,0.33,-1.12,-0.64
USW00025339,71,1991,0.37,1.41,0.52,1.33,1.25,0.26,1.38,1.95,2.56,-0.02,0.64,0.91
USW00025339,71,1992,2.12,1.49,2.99,-0.72,1,1.6,0.15,1.21,-0.09,0.93,1.57,0.1
USW00025339,71,1993,0.02,0.3,-0.6,-0.53,-0.83,-0.68,-1.52,0.07,0.69,0.53,0.38,0.9
USW00025339,71,1994,-0.3,-2,1.97,0.29,1.29,0.23,0.42,-1.01,0.58,1.46,0.02,0.46
USW00025339,71,1995,-0.16,0.34,-0.43,0.58,0.45,1,-0.28,-0.14,1.25,-0.24,-0.68,-0.48
USW00025339,71,1996,-2.64,0.69,0.71,-0.08,-1.3,1.17,-1.25,1.48,-0.04,-0.86,-0.95,-0.62
USW00025339,71,1997,1.21,2.05,-1.04,0.25,0.14,-0.11,0.62,0.47,-0.29,-0.58,1.13,1.13
USW00025339,71,1998,-0.66,0.15,0.02,1.59,0.81,-0.51,1.14,1.01,-0.7,-0.7,-1.3,-0.81
USW00025339,71,1999,0.51,-0.82,0.12,1.26,0.11,-1.03,-0.5,-0.36,1.09,1.71,0.18,1.9
USW00025339,71,2000,-0.49,-0.46,1.28,0.67,-1.16,0.33,0.55,0.15,0.47,1.51,1.11,-0.13
USW00025339,71,2001,1.11,0.1,0.76,-0.27,-0.03,-2.08,0.5,-1.01,-0.03,-0.55,-0.4,-0.6
USW00025339,71,2002,0.59,-0.07,-1.79,-1.85,-1.29,0.13,-0.36,0.97,-0.79,-0.63,0.47,-2.01
USW00025339,71,2003,-0.07,-0.09,-0.99,-1.8,0.37,0.3,-0.49,0.66,-1.17,-1.18,-0.4,0.89
USW00025339,71,2004,-0.11,1.6,0.28,0.54,-1.33,-1.52,-0.2,-1.28,0.6,0.49,0.06,0.78
USW00025339,71,2005,-0.56,1.28,0.6,-0.74,-0.86,-1.38,0.46,1.56,0.58,-0.2,0.99,0.86
USW00025339,71,2006,-0.69,-0.77,-0.46,0.74,0.67,0.29,0.05,0.99,0.21,0.22,-3.72,0.63
USW00025339,71,2007,0.87,-1.75,-0.03,-0.17,0.38,-1.58,-0.76,-1.69,0.83,-0.02,0.12,-1.44
USW00025339,71,2008,-0.59,0.39,-0.03,0.25,-0.11,0.15,1.4,-0.36,0.75,0.9,-0.09,-0.75
USW00025339,71,2009,1.49,-0.92,-0.32,-1.38,-1.48,-0.27,-0.26,0.8,0.24,-1.55,-0.08,0.11
USW00025339,71,2010,-0.72,-0.29,0.39,-0.88,-1.28,0.19,0.47,-1.15,-1.47,-0.26,0.03,-0.69
USW00025339,71,2011,0.08,0,-2.45,-0.78,-1.38,-0.84,-0.96,0.44,0.42,-0.18,0.01,0.82
USW00025339,71,2012,0.07,0.16,-0.67,-1.2,1.07,0.68,-0.51,-0.75,0.55,-3.72,-1,-0.88
USW00025339,71,2013,0.21,0.81,-0.62,0.03,1.78,-0.47,-0.17,-0.32,0.15,0.6,-0.99,-0.49
USW00025339,71,2014,1.71,-1.78,-1.29,-1.2,-1.02,1.08,-0.19,1.47,0.33,-0.61,-0.63,-0.03
USW00025339,71,2015,0.53,0.13,0.33,1.24,-1.79,0.83,0.95,0.33,0.54,-0.5,0.4,-0.43
USW00025339,71,2016,0.58,0.22,0.2,0.38,-0.34,0.21,0.31,0.25,-0.21,-3.72,0.16,-0.86
USW00025339,71,2017,0.44,-0.17,-0.26,-1.39,0.03,-0.35,-0.92,1.2,0.28,0.25,-3.72,0.61
USW00025339,71,2018,-99.99,-1.14,-1.42,-0.06,1.4,0.01,-0.07,0.99,-3.72,-99.99,-99.99,-99.99
USW00025501,71,1949,-0.72,-1.41,0.5,-1.05,-0.35,-0.7,0.17,-0.46,0.55,-0.53,0.71,-0.84
USW00025501,71,1950,-1.66,-1.44,0.76,-0.11,0.88,0.34,1.05,0.77,1,-0.79,-3.25,-1.27
USW00025501,71,1951,-1.31,-1.1,-0.29,0.07,0.44,0.1,-1.21,0.55,0.91,0.02,-0.18,-1.07
USW00025501,71,1952,-1.2,-0.62,-0.9,-1.27,-0.89,-0.67,0.73,-0.51,-0.35,0.87,0.99,-0.54
USW00025501,71,1953,-0.65,0.28,-0.3,0.2,-0.17,-0.72,-0.32,-0.97,-1.31,-0.37,0.24,0.18
USW00025501,71,1954,-1.07,-1.47,-0.47,-1.81,0.27,-0.35,-0.72,-0.76,-1.69,0.57,0.08,-1.44
USW00025501,71,1955,-0.27,-1.04,-0.28,-0.9,1.24,0.36,-0.15,-0.21,-1.05,-0.2,-0.85,-1.51
USW00025501,71,1956,-0.63,-1.57,1.2,0.18,0.52,-0.97,-0.49,-0.56,-1.33,-3.08,0.04,-0.72
USW00025501,71,1957,-1.23,-0.54,0.87,-0.43,0.41,-0.84,-0.66,-0.16,1.53,0.23,0.97,-0.45
USW00025501,71,1958,-0.33,0.57,-0.72,-0.47,-0.97,0.55,1.45,0.33,-1.37,-1.34,-0.63,-0.09
USW00025501,71,1959,-0.18,-0.79,-0.87,-0.73,-0.26,-0.95,0.06,-0.57,-0.61,-0.84,1.15,-0.58
USW00025501,71,1960,0.72,0.15,-0.13,0.08,-0.68,-0.06,-0.42,-0.62,-0.49,-1.18,-0.47,0.47
USW00025501,71,1961,-0.09,-0.28,-1.28,-1.42,-0.35,-1.34,0.1,-0.09,-1.19,-1.09,-0.86,-0.29
USW00025501,71,1962,-1.05,-0.7,-0.35,-0.82,-1.1,-1.32,-0.45,-1.35,0.13,-0.63,0.57,0.74
USW00025501,71,1963,0.12,0.55,-1.77,-1.11,-1.22,-0.97,-1.72,1.28,0.34,-0.62,-0.76,0.61
USW00025501,71,1964,-0.1,-0.16,-0.94,-1.62,-1.85,0.04,-1.53,1.65,-0.24,-1.11,-0.91,-1.12
USW00025501,71,1965,-0.24,-1.02,1.26,-0.25,0.24,1.78,0.98,-1.05,0.21,-0.07,-0.28,-1.01
USW00025501,71,1966,0.41,-1.35,0.69,-0.29,-1.14,1.14,-0.15,1.07,0.37,0.08,-1.64,-0.34
USW00025501,71,1967,-1,-0.37,-0.95,-0.63,-1.06,0.41,-1.84,1.31,0.33,-0.69,0.14,-0.56
USW00025501,71,1968,-1.41,1.19,-0.41,-0.03,-1.14,-0.96,1.33,-0.39,-0.22,-1.03,0.46,-1.07
USW00025501,71,1969,-1.95,-0.38,-0.16,0.38,-0.5,0.9,-0.85,-0.58,0.76,1.23,0.07,1.23
USW00025501,71,1970,-0.92,0.89,0.53,-1.6,-0.58,-0.54,0.21,1.05,-0.06,-0.84,-1.24,-0.51
USW00025501,71,1971,-0.7,0.99,0.03,-0.06,1.7,1.12,1.42,0.11,0,-0.75,-0.94,-1.52
USW00025501,71,1972,-0.91,-0.11,-1.75,-1.69,-0.03,-0.93,-1.69,0.52,-1.38,-0.31,-0.53,-1.78
USW00025501,71,1973,-1.93,-0.58,-0.46,0.31,1.48,-1.17,0.9,-0.96,0.01,-0.17,-2.56,0.15
USW00025501,71,1974,-1.14,-0.45,0.83,0.63,-0.35,0.07,-0.1,-0.14,1.01,1.35,0.41,-0.33
USW00025501,71,1975,0.8,-0.18,-0.07,-0.21,1.6,0.06,0.13,0.53,-0.29,0.28,0.58,0.63
USW00025501,71,1976,0.8,-0.83,-1,-0.41,-0.13,0,0.23,1.52,1.43,-0.44,2,1.02
USW00025501,71,1977,1.9,1.8,-1.44,-0.19,0.14,-0.09,0.89,2.18,-1.96,1.6,-0.62,-1.75
USW00025501,71,1978,1.03,1.63,-0.27,0.74,1.54,-1.93,0.21,-0.45,-0.22,1.19,0.29,0.77
USW00025501,71,1979,0.37,-1.52,0.69,-0.48,1.19,0.16,-0.25,-0.37,1,0.93,-0.16,-1.69
USW00025501,71,1980,-0.26,1.18,0.3,0.52,0.5,-0.91,-2.11,-1.29,0.57,0.61,0.4,-0.54
USW00025501,71,1981,1.48,0.36,1.24,-0.74,0.73,-1.07,-0.51,-0.1,0.25,-1.5,0.45,-0.38
USW00025501,71,1982,0.02,-1.21,-1.07,-0.38,0.27,0.84,0.12,-1.06,0.95,-1.28,0.52,1.47
USW00025501,71,1983,0.5,0.67,1.31,-1.08,1.83,0.98,-0.73,-1.88,-1.23,-0.51,2.1,-1.27
USW00025501,71,1984,0.71,0.16,1.74,0.67,0.07,0.25,-0.23,-1.5,0.5,-1.5,-0.24,-0.3
USW00025501,71,1985,1.63,-1.31,0.5,0.51,-1.42,0.68,1.93,-0.71,0.41,-1.44,-0.42,2.52
USW00025501,71,1986,1.05,0.33,0.12,-0.83,-0.97,2.03,-0.4,0.7,-1.51,1.03,-0.11,1.12
USW00025501,71,1987,0.73,-0.16,0.72,0.18,-0.35,2.62,-1.52,-1.93,0.36,0.3,-0.23,-1.25
USW00025501,71,1988,-0.06,1.61,1.38,0.8,-0.91,-1.24,0.23,1.32,-0.01,0.8,0.61,1.09
USW00025501,71,1989,-1.24,-1.55,-0.28,-0.15,-1.12,0.82,0.14,0.51,-0.15,0.02,-0.04,1.3
USW00025501,71,1990,-0.09,-0.86,0.47,0.79,0.03,-0.91,1.41,1.19,0.66,-0.49,-1.34,-0.47
USW00025501,71,1991,0.83,1.46,-1.93,1.23,1.28,1.16,-0.66,0.07,0.97,1.06,1.68,-0.21
USW00025501,71,1992,0.47,-1.19,0.44,-1.16,0.79,0.39,-0.68,0.55,-1.32,-0.7,-0.28,-0.45
USW00025501,71,1993,-1.11,0.55,1.27,1.43,0.16,-0.31,-0.63,1.36,-0.35,0.71,-0.05,1.13
USW00025501,71,1994,1.08,-0.37,1.79,1,1.15,-0.36,1.25,-1.93,0,1.32,-1.58,0.5
USW00025501,71,1995,-0.06,0.54,0,0.77,1.23,1.05,0.57,-0.1,2.89,0.75,-1.39,1.14
USW00025501,71,1996,-1.1,-1.23,-1.23,1.71,-1.36,-0.81,1.02,-0.92,0.66,-0.73,0.3,-0.04
USW00025501,71,1997,0.68,1.31,-0.96,2.3,-0.94,-1.96,0.6,-0.24,1.33,0.62,0.82,0.28
USW00025501,71,1998,1.44,0.58,2.39,1.06,0.72,0.96,1.48,-0.35,1.24,1.51,0.77,-0.58
USW00025501,71,1999,0.43,-0.91,-0.5,-0.23,-0.28,1.39,-0.67,0.28,1.33,0.26,0.89,0.1
USW00025501,71,2000,-1.32,0.33,0.73,0.9,-1.21,0.21,-0.79,-1.59,-1.35,0.82,1,1.25
USW00025501,71,2001,1.28,0.08,1.51,0.21,-0.13,-0.77,-0.37,0.68,0.72,-0.02,0.35,0.32
USW00025501,71,2002,1.22,1.42,-0.13,-2.58,-0.24,1.09,0.87,-0.72,-0.89,2.01,2.19,-0.13
USW00025501,71,2003,2.18,0.49,0.66,-0.22,-1.36,0.67,-0.08,1.17,0.48,1.44,-1.55,0.84
USW00025501,71,2004,-0.07,1.38,-0.34,1.59,0.23,1.17,0.93,-0.1,-1.04,-0.47,1.42,0.96
USW00025501,71,2005,0.11,0.98,0.29,-0.05,0.74,0.4,-0.29,0.38,-0.83,-0.45,-0.67,1.61
USW00025501,71,2006,-1.05,-0.58,-0.53,-0.26,-0.21,1.06,1.41,0.19,-0.24,-0.3,-1.57,0.97
USW00025501,71,2007,0.41,-0.49,-1.59,2.41,1.57,-0.17,1.83,0.09,-0.35,0.04,1.09,0.98
USW00025501,71,2008,-0.77,1.09,1.21,-1.07,2.07,1,1.82,1.24,0.29,-0.82,-0.51,0.27
USW00025501,71,2009,0.14,-0.68,0.34,0.46,0.2,-0.79,1.47,0.63,1.16,1.93,0.59,0.84
USW00025501,71,2010,0.97,1.18,0.16,0.59,0.69,-0.04,0.73,-0.43,-1.16,0.13,-1.73,-1.02
USW00025501,71,2011,0.24,-0.9,-0.55,0.57,0.64,-0.41,-0.92,1.04,2.14,-0.56,-0.38,-0.18
USW00025501,71,2012,-0.62,0.64,-0.4,-0.2,0.38,-1.83,0.21,-0.6,0.83,-0.75,-0.38,-0.26
USW00025501,71,2013,0.58,0.42,0.07,-0.9,-1.01,-0.08,-1.76,1.65,0.27,0.74,-0.74,-0.6
USW00025501,71,2014,1.61,0.51,-0.13,0.95,-1.68,0.56,-0.49,0.86,0.27,-0.32,1.69,1.53
USW00025501,71,2015,0.71,0.99,1.09,0.79,0.41,-0.48,-0.1,-1.17,-1.53,1.48,0.35,1.25
USW00025501,71,2016,0.77,1.9,1.03,1.48,-0.52,-0.32,-0.55,-0.56,-0.49,1.07,0.94,-0.71
USW00025501,71,2017,-1.12,-0.98,-1.91,1.02,0.71,1,0.09,1.3,0.14,-0.53,-1.55,1.36
USW00025501,71,2018,-0.22,-0.19,-0.97,0.43,1.08,-0.06,0.73,0.89,-1.13,-99.99,-99.99,-99.99
USW00025503,71,1942,-99.99,1.36,-0.55,0.83,-0.14,1.18,-0.2,-99.99,-99.99,-99.99,-0.82,-2.15
USW00025503,71,1943,-0.34,2.49,-1.19,-0.29,-1.57,-0.54,0.12,-99.99,-99.99,-99.99,-99.99,-99.99
USW00025503,71,1944,-1.15,0.05,0.2,-3.72,-0.17,-99.99,-0.02,0.96,-0.46,-0.58,-0.11,-1.13
USW00025503,71,1945,-0.93,0.65,0.59,-0.1,-0.92,-0.93,-1,0.92,-99.99,-99.99,-99.99,-99.99
USW00025503,71,1946,-99.99,-99.99,-99.99,-99.99,-99.99,-99.99,-99.99,-99.99,-99.99,-99.99,-99.99,-99.99
USW00025503,71,1947,-0.61,0.19,0.42,-1.19,0.45,-0.68,2.13,-0.14,0.14,-0.82,0.56,0.14
USW00025503,71,1948,-0.08,-0.21,0.39,-3.72,-2.74,-2.36,0.02,1.07,0.27,1.22,0.22,-0.21
USW00025503,71,1949,0.9,-0.01,1.17,-1.59,-0.32,1.58,0.07,1.17,0.04,0.74,0.19,1.48
USW00025503,71,1950,0.16,-0.93,-0.44,1.17,1.29,2.43,0.22,-0.57,0.64,0,-2.12,-0.93
USW00025503,71,1951,-2.02,-0.26,-0.6,-1.33,-0.16,1.51,-2.67,0.08,0.38,-0.38,0.72,0.91
USW00025503,71,1952,0.99,0.54,0.81,0.56,-0.51,-0.29,-0.23,0.52,-1.12,0.56,0.74,0.32
USW00025503,71,1953,1.43,0.71,0.81,-0.87,-1.86,-0.75,-1.22,2.39,0.65,-1.49,-0.11,0.03
USW00025503,71,1954,-0.9,0.89,1.31,-0.06,-1.65,-1.62,-0.04,-0.14,0.53,-1.09,-0.87,-0.02
USW00025503,71,1955,1.02,2.34,0.33,0.44,0.41,0.77,1,0.52,1.2,-0.67,-0.73,-0.51
USW00025503,71,1956,-0.26,0.51,1.03,0.15,0.18,-0.99,-0.17,-0.32,0.67,0.57,-0.42,-1.18
USW00025503,71,1957,2.36,0.82,0.9,-0.43,-1.38,-1.84,-0.14,-1,0.2,0.2,1.4,-1.4
USW00025503,71,1958,-0.4,-1.6,0.29,-1.78,1.26,0.65,-0.35,0.34,0.02,0.41,-0.76,-2.44
USW00025503,71,1959,-2.02,-0.52,-1.37,0.08,-0.35,-1.93,-0.93,-0.91,-1.77,-1.83,0.09,-0.83
USW00025503,71,1960,1.14,-0.68,-1.52,-1.37,0.04,-0.62,0.57,0.48,0.55,-0.64,0.21,0.57
USW00025503,71,1961,-0.15,-0.39,-0.32,1.91,-0.03,-0.47,0.94,0.02,2.37,0.89,0.68,0.62
USW00025503,71,1962,0.04,0.58,0.92,-0.08,0.65,0.09,0.3,-0.45,-1.23,-0.39,-0.95,-0.7
USW00025503,71,1963,0.93,-0.37,1.92,2.33,-0.2,-0.02,-0.67,1,-0.55,-0.13,-2.16,-0.44
USW00025503,71,1964,-0.34,1.6,0.32,-0.16,0.86,-1.57,-0.57,0.39,-0.34,0.01,0.01,-0.24
USW00025503,71,1965,-0.2,-0.49,1.76,0.71,0.62,-0.05,-0.32,-0.49,0.7,-1.66,0.22,0.57
USW00025503,71,1966,-1.01,1.22,-0.03,-0.81,1.43,-0.82,0.27,1.96,0.59,0.85,0.78,-1.15
USW00025503,71,1967,0.04,-0.28,1.93,0.75,-2.25,1.53,1.02,0.13,-0.98,-1.53,0.52,1.05
USW00025503,71,1968,0.3,-0.23,-0.04,0.86,0.06,-0.32,-1.36,-0.83,-0.12,-1.53,-0.64,0.1
USW00025503,71,1969,-0.5,1.61,0.53,-1.65,-0.74,-1.45,-0.01,0.38,-1.42,0.28,0.46,-1.09
USW00025503,71,1970,-0.83,-0.52,1.29,1.29,-1.59,-0.62,0.73,1.06,-1.09,0.17,-0.81,0.21
USW00025503,71,1971,-0.98,1.3,-0.99,-0.01,0.32,-0.14,1.12,1.05,0.38,0.67,-0.32,2.28
USW00025503,71,1972,0.59,-1.33,-1.21,0.81,0.1,0.04,-1.46,-1.12,0.06,0.52,-0.06,-1.04
USW00025503,71,1973,-0.57,-1.96,0.62,-1.04,0.81,-0.15,0.25,0.68,-1.27,-0.55,-0.56,-0.1
USW00025503,71,1974,-0.09,-0.26,0.63,0.54,-1.18,0.98,-0.22,0.17,-1.11,0.88,-0.23,0.09
USW00025503,71,1975,1.57,0.14,0.16,2.07,-0.6,1.29,-1.96,-2.57,0.69,0.03,-1.4,0.28
USW00025503,71,1976,0.51,0.49,-0.07,-0.58,0.36,-0.32,0.44,-1.46,-0.16,-1.26,0.68,0.76
USW00025503,71,1977,-0.11,0.99,1.49,1.17,0.68,-0.82,-0.74,0.15,-0.21,1.28,-1.19,-0.21
USW00025503,71,1978,-0.4,-1.04,-1.01,-0.58,-0.39,1.42,-0.65,-1.03,-0.81,0.81,0.41,2.45
USW00025503,71,1979,0.14,-1,-0.73,0.57,-1.48,0.26,0.05,-0.5,-1.88,0.66,1.35,-0.12
USW00025503,71,1980,0.8,0.26,0.94,-1.04,0.54,0.74,0.84,-0.64,-0.68,0.4,-0.25,-1.27
USW00025503,71,1981,1.17,1.9,1.31,-0.84,-0.84,0.82,-0.03,0.78,-0.86,-0.49,-0.09,-1.04
USW00025503,71,1982,0.83,-1.66,0.76,0.57,0.46,1.67,-0.27,-1.07,1.37,-0.67,-0.76,0.26
USW00025503,71,1983,-1.06,-1.16,-1.1,1.7,0.23,-0.53,-0.82,-0.68,-0.39,0.78,-0.54,-1.3
USW00025503,71,1984,0.43,-0.26,-0.66,-1,-0.22,-0.01,-1.13,-0.59,-1.92,-1.49,-0.51,0.79
USW00025503,71,1985,0.08,0.1,0.65,-1.42,-0.09,-0.49,-1.13,0.21,-0.16,0.22,1.67,0.54
USW00025503,71,1986,0.64,-1.38,-1.06,0.25,-0.34,-0.9,0.28,0.19,0.76,0.44,0.53,-0.89
USW00025503,71,1987,1.8,-0.3,-0.44,-0.05,0.71,-0.13,-0.32,-0.26,0.09,0.41,1.25,-0.15
USW00025503,71,1988,-0.7,0.14,-0.12,0.3,1.95,-0.64,0.58,-0.11,-0.54,-0.4,0.13,0.56
USW00025503,71,1989,-0.13,0.43,-1.14,0.25,1.35,-0.66,0.91,0.14,1.75,0.82,0.2,0.18
USW00025503,71,1990,0.78,1.29,1.17,0.08,0.42,-0.49,2.77,-1.05,-0.08,0.32,0.71,2.16
USW00025503,71,1991,-0.7,-0.21,1,0.05,0.03,0.04,-1.53,-1.35,-0.6,-0.08,-0.07,0.13
USW00025503,71,1992,-0.2,0.4,0.81,-2.93,-0.84,1.13,0.9,1.35,-1.34,-0.96,0.06,0.77
USW00025503,71,1993,0.83,-0.8,-0.99,-0.81,-0.9,-1.54,-1.56,0.19,1.06,-0.09,1.42,1.18
USW00025503,71,1994,0.66,0.82,0.13,0.78,0.71,0.15,1.61,0.15,0.41,0.35,1.41,1.3
USW00025503,71,1995,-1.27,-0.42,-1.21,0.99,0.34,-1.08,0.07,1.36,-0.08,-0.61,-2.07,-2.35
USW00025503,71,1996,-0.4,0.12,-0.77,0.05,-0.62,0.98,-1.17,-0.38,-0.19,-1.01,-1.11,-0.93
USW00025503,71,1997,-1.62,0.07,-1.3,-1.24,-0.98,-0.61,-1.47,0.56,0.45,-2,0.25,-0.7
USW00025503,71,1998,0.08,-0.83,-0.12,0.24,2.04,0.76,-0.35,0.51,0.3,2.04,0.25,-0.57
USW00025503,71,1999,-0.9,-0.39,-0.83,-0.43,-0.06,0.51,-0.35,0.06,0.41,0.15,-1.71,0.59
USW00025503,71,2000,0.08,0.08,-0.89,-0.45,-0.06,0.5,0.98,-0.73,0.31,0.06,0.8,-0.81
USW00025503,71,2001,-0.11,1.57,-0.4,0.78,-1.07,-2.01,1.37,-0.64,-1.03,1.64,-2.05,-0.6
USW00025503,71,2002,1.83,-0.42,-1.26,0.25,-0.88,-0.17,0.34,0.48,0.72,1.3,-0.07,-1.09
USW00025503,71,2003,-0.95,1.02,-1.26,0.17,0.82,0.86,0.29,1.22,-1.11,-0.21,2.01,-0.68
USW00025503,71,2004,-1.62,-0.39,-0.77,0.93,0.4,1.16,0.21,-1.54,2.13,1.08,0.89,1.26
USW00025503,71,2005,-1.06,-1.08,-0.71,-0.74,1.17,-0.32,0.96,0.09,1.79,-0.94,-0.19,0.89
USW00025503,71,2006,0.76,0.88,0.04,1.65,-0.29,0.75,-0.16,1.94,0.5,2.01,-1.52,0.01
USW00025503,71,2007,0.16,-1.38,-0.73,-0.29,0.29,1.86,-0.57,-1.6,1.84,0.63,-0.38,0.46
USW00025503,71,2008,0.53,-0.71,-0.07,0.41,-1.14,-0.34,0.37,-1.57,0.31,0.65,-0.9,0.68
USW00025503,71,2009,0.24,0.84,0.95,-0.43,-0.19,0.64,0.57,-1.5,-0.47,-0.38,-0.55,-1.65
USW00025503,71,2010,-0.85,-0.49,-0.71,0.41,-0.94,-0.6,1.17,1.14,-1.76,-0.38,-0.77,-0.1
USW00025503,71,2011,0.6,-0.07,-1.37,0.41,0.93,1.39,0,0.81,-0.47,1.25,1.23,0.62
USW00025503,71,2012,0.33,0.71,0.74,-0.63,0.57,1.05,2.5,-0.34,0.97,-0.22,0.22,1.07
USW00025503,71,2013,1.83,1.61,0.94,-2.93,-1.86,-0.72,-1.13,1.78,-0.62,2.81,1.14,-0.07
USW00025503,71,2014,1.16,-2.56,-0.09,-0.74,1.05,1.9,0.21,0.45,0.36,-1.67,1,0.97
USW00025503,71,2015,-0.8,-1.04,0.19,1.66,2.27,-1.02,0.98,-1.37,0.28,-0.51,2.55,1.36
USW00025503,71,2016,-0.9,0.46,1.45,0.01,2.14,0.83,1.39,1.43,1.22,-0.95,-0.59,-0.14
USW00025503,71,2017,-2.02,0.6,-1.49,-0.16,-0.22,0.98,-0.27,0.33,0.71,1.38,-0.27,0.81
USW00025503,71,2018,0.83,1.88,0.54,1.55,1.06,1.73,0.96,1.73,0.2,-99.99,-99.99,-99.99
USW00025624,71,1950,-99.99,-99.99,-1.44,-2.06,-1.12,-1.41,-3.72,0.95,0.34,-0.76,-1.73,-1.89
USW00025624,71,1951,-0.73,0.66,0.32,0.17,0.83,0.6,-1.83,2.74,-0.44,0.6,-0.76,-0.9
USW00025624,71,1952,-0.8,0.61,0.31,0.24,0.12,2.26,0.69,1.77,-2.57,0.98,-0.08,-0.97
USW00025624,71,1953,-0.78,-0.92,-1.05,-1.54,-0.97,-1.43,-0.52,-0.55,0.4,-1.7,-99.99,-99.99
USW00025624,71,1954,-1.76,0.36,0.31,-1.24,0.83,-1.49,-0.4,-0.24,-99.99,0.01,-99.99,-99.99
USW00025624,71,1955,1.53,-0.23,1.04,-0.88,1.43,0.16,0.57,0.77,-0.36,-1.14,-0.88,-1.76
USW00025624,71,1956,-1.77,0.79,0.13,0.12,-0.37,0.23,0.24,0.52,-1.26,0.75,-1.6,-3.72
USW00025624,71,1957,1.97,0.27,-0.26,0.4,-1.33,-2.14,0.22,-0.03,-0.48,0.11,0.44,0.04
